-- Заполнение справочника эмоций
INSERT INTO emotions_dictionary (emotion_id, emotion_name) VALUES
(1, 'happy'),
(2, 'sad'),
(3, 'neutral'),
(4, 'surprised'),
(5, 'angry'),
(6, 'fear'),
(7, 'disgust')
ON CONFLICT (emotion_id) DO NOTHING;

-- Заполнение курсов (преподаватели с казахскими именами, курсы на русском)
INSERT INTO courses (course_id, title, instructor, ects) VALUES
(1, 'Основы проектирования баз данных', 'Dr. Айгуль Сапарова', 6),
(2, 'Продвинутый Python для Data Science', 'Prof. Арман Есенов', 8),
(3, 'Операции машинного обучения (MLOps)', 'Dr. Мадина Жумагалиева', 7),
(4, 'Введение в SQL', 'Dr. Айгуль Сапарова', 5),
(5, 'Аналитика больших данных', 'Prof. Арман Есенов', 8)
ON CONFLICT (course_id) DO NOTHING;

-- Заполнение студентов (30 записей, смешанные имена)
INSERT INTO students (student_id, full_name, birthdate, gender, group_code) VALUES
(1, 'Аскар Мырзабеков', '2003-05-10', 'male', 'CS-21A'),
(2, 'Мария Петрова', '2004-01-22', 'female', 'CS-21B'),
(3, 'Алексей Сидоров', '2003-08-15', 'male', 'CS-21A'),
(4, 'Динара Куанышева', '2003-11-30', 'female', 'DA-22'),
(5, 'Дмитрий Орлов', '2002-07-03', 'male', 'CS-21B'),
(6, 'Анна Волкова', '2004-02-18', 'female', 'DA-22'),
(7, 'Кайрат Батырханов', '2003-06-25', 'male', 'CS-21A'),
(8, 'Ольга Козлова', '2003-09-05', 'female', 'DA-22'),
(9, 'Павел Новиков', '2002-12-12', 'male', 'CS-21B'),
(10, 'Алия Морозова', '2004-04-01', 'female', 'CS-21A'),
(11, 'Сергей Павлов', '2003-03-14', 'male', 'DA-22'),
(12, 'Гаухар Федорова', '2002-10-20', 'female', 'CS-21B'),
(13, 'Андрей Кузнецов', '2003-07-19', 'male', 'CS-21A'),
(14, 'Ирина Виноградова', '2004-05-09', 'female', 'DA-22'),
(15, 'Ернар Богданов', '2003-02-28', 'male', 'CS-21B'),
(16, 'Светлана Васильева', '2003-10-08', 'female', 'CS-21A'),
(17, 'Нурлан Макаров', '2002-08-21', 'male', 'DA-22'),
(18, 'Вера Беляева', '2004-06-16', 'female', 'CS-21B'),
(19, 'Игорь Тарасов', '2003-01-07', 'male', 'CS-21A'),
(20, 'Алина Герасимова', '2003-04-23', 'female', 'DA-22'),
(21, 'Роман Фомин', '2002-09-11', 'male', 'CS-21B'),
(22, 'Диана Давыдова', '2004-07-27', 'female', 'CS-21A'),
(23, 'Тимур Антонов', '2003-12-04', 'male', 'DA-22'),
(24, 'Самал Сергеева', '2003-05-19', 'female', 'CS-21B'),
(25, 'Артем Романов', '2002-11-06', 'male', 'CS-21A'),
(26, 'София Захарова', '2004-08-13', 'female', 'DA-22'),
(27, 'Владислав Борисов', '2002-06-01', 'male', 'CS-21B'),
(28, 'Ева Алексеева', '2003-09-28', 'female', 'CS-21A'),
(29, 'Кирилл Степанов', '2002-06-01', 'male', 'DA-22'),
(30, 'Полина Зайцева', '2004-10-17', 'female', 'CS-21B')
ON CONFLICT (student_id) DO NOTHING;


-- Заполнение занятий (20 записей)
INSERT INTO classes (class_id, course_id, class_date, topic, modality) VALUES
(1, 1, '2025-09-01 10:00:00+05', 'Нормализация (1НФ, 2НФ, 3НФ)', 'offline'),
(2, 1, '2025-09-08 10:00:00+05', 'SQL Joins и подзапросы', 'offline'),
(3, 2, '2025-09-02 12:00:00+05', 'Манипуляции с Pandas DataFrame', 'online'),
(4, 2, '2025-09-09 12:00:00+05', 'Визуализация данных с Matplotlib', 'online'),
(5, 3, '2025-09-03 14:00:00+05', 'Docker для машинного обучения', 'offline'),
(6, 3, '2025-09-10 14:00:00+05', 'CI/CD с GitHub Actions', 'online'),
(7, 4, '2025-09-04 10:00:00+05', 'SELECT, WHERE, ORDER BY', 'offline'),
(8, 4, '2025-09-11 10:00:00+05', 'GROUP BY и агрегатные функции', 'offline'),
(9, 5, '2025-09-05 16:00:00+05', 'Введение в Hadoop и HDFS', 'online'),
(10, 5, '2025-09-12 16:00:00+05', 'Парадигма MapReduce', 'online'),
(11, 1, '2025-09-15 10:00:00+05', 'Индексы и оптимизация запросов', 'offline'),
(12, 2, '2025-09-16 12:00:00+05', 'Работа с Scikit-learn', 'online'),
(13, 3, '2025-09-17 14:00:00+05', 'Стратегии развертывания моделей', 'offline'),
(14, 4, '2025-09-18 10:00:00+05', 'Оконные функции', 'offline'),
(15, 5, '2025-09-19 16:00:00+05', 'Введение в Spark', 'online'),
(16, 1, '2025-09-22 10:00:00+05', 'Транзакции и ACID', 'offline'),
(17, 2, '2025-09-23 12:00:00+05', 'Продвинутый NumPy', 'online'),
(18, 3, '2025-09-24 14:00:00+05', 'Мониторинг ML моделей', 'online'),
(19, 4, '2025-09-25 10:00:00+05', 'Common Table Expressions (CTE)', 'offline'),
(20, 5, '2025-09-26 16:00:00+05', 'Spark SQL и DataFrames', 'online')
ON CONFLICT (class_id) DO NOTHING;

-- Заполнение записей на курсы (50+ записей)
INSERT INTO enrollments (student_id, course_id, enroll_date, status) VALUES
-- Course 1
(1, 1, '2025-08-20', 'enrolled'), (2, 1, '2025-08-21', 'enrolled'), (3, 1, '2025-08-22', 'enrolled'), (7, 1, '2025-08-20', 'enrolled'), (10, 1, '2025-08-21', 'enrolled'), (13, 1, '2025-08-22', 'enrolled'), (16, 1, '2025-08-20', 'enrolled'), (19, 1, '2025-08-21', 'enrolled'), (22, 1, '2025-08-22', 'enrolled'), (25, 1, '2025-08-20', 'enrolled'), (28, 1, '2025-08-21', 'enrolled'),
-- Course 2
(4, 2, '2025-08-25', 'enrolled'), (6, 2, '2025-08-25', 'enrolled'), (8, 2, '2025-08-26', 'enrolled'), (11, 2, '2025-08-26', 'enrolled'), (14, 2, '2025-08-27', 'enrolled'), (17, 2, '2025-08-27', 'enrolled'), (20, 2, '2025-08-28', 'enrolled'), (23, 2, '2025-08-28', 'enrolled'), (26, 2, '2025-08-29', 'enrolled'), (29, 2, '2025-08-29', 'enrolled'),
-- Course 3
(1, 3, '2025-08-25', 'enrolled'), (5, 3, '2025-08-25', 'enrolled'), (9, 3, '2025-08-26', 'enrolled'), (12, 3, '2025-08-26', 'enrolled'), (15, 3, '2025-08-27', 'enrolled'), (18, 3, '2025-08-27', 'enrolled'), (21, 3, '2025-08-28', 'enrolled'), (24, 3, '2025-08-28', 'enrolled'), (27, 3, '2025-08-29', 'enrolled'), (30, 3, '2025-08-29', 'enrolled'),
-- Course 4
(1, 4, '2025-08-20', 'enrolled'), (4, 4, '2025-08-21', 'enrolled'), (8, 4, '2025-08-22', 'enrolled'), (12, 4, '2025-08-20', 'enrolled'), (16, 4, '2025-08-21', 'enrolled'), (20, 4, '2025-08-22', 'enrolled'), (24, 4, '2025-08-20', 'enrolled'), (28, 4, '2025-08-21', 'enrolled'),
-- Course 5
(2, 5, '2025-08-25', 'enrolled'), (5, 5, '2025-08-25', 'enrolled'), (10, 5, '2025-08-26', 'enrolled'), (15, 5, '2025-08-26', 'enrolled'), (20, 5, '2025-08-27', 'enrolled'), (25, 5, '2025-08-27', 'enrolled'), (30, 5, '2025-08-28', 'enrolled'), (3, 5, '2025-08-28', 'enrolled'), (6, 5, '2025-08-29', 'enrolled'), (9, 5, '2025-08-29', 'enrolled'), (11, 5, '2025-08-29', 'enrolled')
ON CONFLICT (student_id, course_id) DO NOTHING;

-- Заполнение основной таблицы событий (репрезентативная выборка) 
INSERT INTO emotion_events (class_id, student_id, ts, source, dominant_emotion_id, valence, arousal, confidence) VALUES
(1, 3, '2025-09-01 17:48:48+05', 'audio', 1, 0.99, 0.527, 0.77),
(13, 15, '2025-09-09 10:54:01+05', 'audio', 5, -0.617, 0.644, 0.93),
(11, 7, '2025-09-09 12:48:31+05', 'text', 4, 0.123, 0.719, 0.84),
(14, 8, '2025-09-27 13:01:37+05', 'video', 4, 0.466, 0.575, 0.71),
(2, 28, '2025-09-17 15:36:35+05', 'video', 6, -0.581, 0.625, 0.98),
(10, 20, '2025-09-05 10:12:44+05', 'text', 2, -0.542, -0.365, 0.91),
(4, 14, '2025-09-05 15:09:30+05', 'text', 2, -0.972, -0.23, 0.9),
(15, 15, '2025-09-21 15:18:36+05', 'video', 1, 0.65, 0.413, 0.89),
(14, 1, '2025-09-13 10:46:23+05', 'video', 4, 0.28, 0.826, 0.9),
(8, 12, '2025-09-20 16:16:02+05', 'text', 3, -0.126, -0.241, 0.75),
(2, 16, '2025-09-13 17:30:37+05', 'video', 3, 0.132, -0.053, 0.82),
(2, 10, '2025-09-12 09:28:27+05', 'video', 6, -0.411, 0.757, 0.8),
(11, 2, '2025-09-02 15:09:28+05', 'text', 1, 0.584, 0.405, 0.74),
(15, 5, '2025-09-16 12:11:51+05', 'video', 5, -0.407, 0.708, 0.84),
(4, 14, '2025-09-13 11:01:13+05', 'video', 6, -0.485, 0.575, 0.72),
(19, 4, '2025-09-03 14:17:44+05', 'text', 1, 0.869, 0.216, 0.75),
(1, 7, '2025-09-15 11:29:59+05', 'text', 5, -0.771, 0.639, 0.79),
(20, 25, '2025-09-01 15:58:01+05', 'text', 6, -0.408, 0.598, 0.77),
(9, 20, '2025-09-27 15:52:49+05', 'audio', 4, 0.53, 0.562, 0.71),
(14, 16, '2025-09-14 11:55:33+05', 'audio', 6, -0.649, 0.545, 0.85),
(19, 20, '2025-09-02 09:16:52+05', 'video', 6, -0.371, 0.513, 0.74),
(17, 23, '2025-09-11 12:08:09+05', 'video', 5, -0.533, 0.766, 0.98),
(14, 8, '2025-09-19 14:26:21+05', 'video', 5, -0.483, 0.675, 0.98),
(19, 16, '2025-09-10 14:27:03+05', 'audio', 4, 0.471, 0.507, 0.71),
(10, 6, '2025-09-04 09:21:53+05', 'video', 6, -0.658, 0.713, 0.77),
(12, 4, '2025-09-24 11:42:34+05', 'video', 7, -0.899, 0.319, 0.78),
(2, 22, '2025-09-21 16:08:19+05', 'audio', 4, 0.528, 0.778, 0.87),
(17, 17, '2025-09-22 17:20:03+05', 'audio', 5, -0.623, 0.693, 0.87),
(12, 6, '2025-09-18 15:15:14+05', 'text', 2, -0.987, -0.224, 0.72),
(15, 2, '2025-09-24 17:32:25+05', 'text', 2, -0.859, -0.272, 0.8),
(17, 26, '2025-09-16 15:30:57+05', 'video', 7, -0.847, 0.573, 0.86),
(4, 29, '2025-09-25 16:39:12+05', 'audio', 5, -0.445, 0.774, 0.7),
(17, 29, '2025-09-07 11:51:24+05', 'audio', 4, 0.101, 0.861, 0.79),
(3, 6, '2025-09-04 17:52:57+05', 'video', 6, -0.381, 0.533, 0.96),
(8, 20, '2025-09-09 16:56:22+05', 'text', 4, 0.551, 0.744, 0.86),
(11, 13, '2025-09-19 13:59:59+05', 'audio', 1, 0.958, 0.593, 0.95),
(15, 15, '2025-09-11 17:50:02+05', 'audio', 3, -0.087, 0.263, 0.97),
(17, 29, '2025-09-19 17:03:25+05', 'audio', 5, -0.48, 0.649, 0.78),
(17, 20, '2025-09-28 11:25:30+05', 'audio', 4, 0.329, 0.74, 0.78),
(11, 10, '2025-09-17 09:47:46+05', 'video', 6, -0.326, 0.796, 0.73),
(9, 2, '2025-09-27 10:57:57+05', 'text', 1, 0.919, 0.521, 0.81),
(2, 1, '2025-09-05 16:31:02+05', 'text', 6, -0.411, 0.644, 0.87),
(7, 12, '2025-09-13 10:28:10+05', 'audio', 3, 0.175, -0.172, 0.96),
(9, 11, '2025-09-07 09:31:00+05', 'audio', 2, -0.664, -0.244, 0.88),
(7, 20, '2025-09-19 16:23:09+05', 'text', 7, -0.701, 0.313, 0.95),
(2, 7, '2025-09-24 12:29:02+05', 'text', 1, 0.85, 0.219, 0.72),
(3, 6, '2025-09-16 09:48:50+05', 'audio', 2, -0.524, -0.455, 0.95),
(5, 12, '2025-09-03 10:28:29+05', 'audio', 6, -0.601, 0.742, 0.85),
(2, 10, '2025-09-19 16:23:06+05', 'video', 3, -0.105, 0.277, 0.9),
(8, 24, '2025-09-13 09:04:42+05', 'video', 2, -0.988, -0.3, 0.75),
(19, 8, '2025-09-02 11:01:46+05', 'video', 3, 0.075, 0.19, 0.77),
(17, 29, '2025-09-01 10:47:15+05', 'audio', 4, 0.228, 0.778, 0.78),
(13, 30, '2025-09-27 14:00:06+05', 'text', 7, -0.501, 0.489, 0.71),
(11, 10, '2025-09-23 11:44:45+05', 'text', 6, -0.585, 0.683, 0.72),
(7, 8, '2025-09-05 17:05:23+05', 'video', 6, -0.688, 0.708, 0.95),
(5, 12, '2025-09-07 10:15:32+05', 'audio', 6, -0.4, 0.697, 0.73),
(13, 9, '2025-09-17 11:18:10+05', 'text', 4, 0.457, 0.517, 0.91),
(12, 17, '2025-09-23 16:06:59+05', 'text', 6, -0.424, 0.724, 0.78),
(6, 24, '2025-09-01 10:08:08+05', 'audio', 7, -0.589, 0.59, 0.83),
(6, 18, '2025-09-14 16:24:04+05', 'audio', 3, 0.186, -0.001, 0.86),
(8, 8, '2025-09-13 10:36:29+05', 'audio', 2, -0.688, -0.279, 0.76),
(4, 29, '2025-09-26 12:37:34+05', 'text', 5, -0.541, 0.898, 0.91),
(3, 29, '2025-09-26 17:18:18+05', 'audio', 7, -0.778, 0.584, 0.73),
(15, 15, '2025-09-20 17:25:50+05', 'video', 1, 0.7, 0.469, 0.91),
(16, 3, '2025-09-25 15:56:02+05', 'audio', 7, -0.683, 0.427, 0.89),
(14, 20, '2025-09-07 12:53:08+05', 'audio', 6, -0.501, 0.788, 0.75),
(18, 9, '2025-09-11 14:42:37+05', 'audio', 2, -0.841, -0.271, 0.89),
(1, 19, '2025-09-16 13:28:03+05', 'video', 4, 0.226, 0.57, 0.76),
(3, 6, '2025-09-28 12:36:50+05', 'audio', 3, -0.166, -0.13, 0.78),
(15, 11, '2025-09-03 17:10:36+05', 'audio', 1, 0.512, 0.599, 0.75),
(9, 10, '2025-09-27 15:51:58+05', 'audio', 1, 0.833, 0.343, 0.97),
(2, 22, '2025-09-09 11:45:42+05', 'audio', 3, -0.029, -0.261, 0.95),
(13, 5, '2025-09-09 16:56:50+05', 'text', 1, 0.578, 0.565, 0.88),
(12, 8, '2025-09-12 16:50:38+05', 'video', 6, -0.595, 0.71, 0.72),
(12, 29, '2025-09-13 12:25:31+05', 'text', 4, 0.463, 0.742, 0.83),
(4, 17, '2025-09-21 16:54:23+05', 'video', 5, -0.419, 0.738, 0.82),
(8, 1, '2025-09-11 11:34:57+05', 'audio', 7, -0.741, 0.455, 0.94),
(17, 17, '2025-09-15 15:01:53+05', 'text', 1, 0.593, 0.556, 0.97),
(6, 24, '2025-09-27 17:21:08+05', 'video', 4, 0.315, 0.694, 0.76),
(2, 28, '2025-09-13 12:45:33+05', 'audio', 2, -0.509, -0.457, 0.9),
(5, 27, '2025-09-25 14:16:24+05', 'text', 7, -0.631, 0.542, 0.87),
(8, 8, '2025-09-25 12:00:45+05', 'text', 1, 0.737, 0.519, 0.98),
(6, 27, '2025-09-15 17:47:14+05', 'audio', 6, -0.385, 0.725, 0.9),
(2, 19, '2025-09-09 12:57:00+05', 'audio', 2, -0.953, -0.437, 0.81),
(17, 14, '2025-09-26 09:03:30+05', 'audio', 5, -0.569, 0.843, 0.86),
(7, 28, '2025-09-22 14:44:39+05', 'audio', 2, -0.687, -0.446, 0.87),
(13, 1, '2025-09-07 13:49:21+05', 'audio', 4, 0.113, 0.523, 0.74),
(7, 16, '2025-09-02 10:37:31+05', 'audio', 1, 0.905, 0.279, 0.83),
(5, 18, '2025-09-09 17:46:33+05', 'audio', 3, -0.017, 0.265, 0.9),
(19, 24, '2025-09-03 09:22:09+05', 'audio', 2, -0.931, -0.201, 0.94),
(17, 23, '2025-09-07 10:02:59+05', 'video', 5, -0.617, 0.86, 0.88),
(16, 2, '2025-09-27 13:13:46+05', 'video', 1, 0.794, 0.516, 0.96),
(7, 28, '2025-09-04 11:27:49+05', 'text', 4, 0.124, 0.853, 0.78),
(13, 21, '2025-09-04 15:07:10+05', 'audio', 3, 0.094, -0.237, 0.79),
(11, 1, '2025-09-20 10:31:40+05', 'video', 1, 0.608, 0.351, 0.87),
(9, 5, '2025-09-27 09:51:32+05', 'audio', 4, 0.131, 0.684, 0.74),
(6, 30, '2025-09-13 13:05:01+05', 'audio', 6, -0.61, 0.614, 0.9),
(3, 14, '2025-09-19 10:27:50+05', 'video', 3, -0.061, -0.234, 0.9),
(3, 11, '2025-09-16 10:10:34+05', 'video', 3, 0.169, -0.162, 0.72),
(10, 9, '2025-09-15 17:28:00+05', 'video', 5, -0.412, 0.742, 0.71),
(12, 17, '2025-09-07 14:32:28+05', 'video', 3, 0.092, -0.267, 0.95),
(9, 3, '2025-09-25 09:39:51+05', 'text', 2, -0.878, -0.205, 0.9),
(19, 28, '2025-09-16 15:22:41+05', 'video', 1, 0.68, 0.405, 0.89),
(17, 8, '2025-09-22 13:40:13+05', 'text', 4, 0.139, 0.806, 0.73),
(15, 15, '2025-09-01 10:00:11+05', 'text', 6, -0.355, 0.548, 0.87),
(1, 22, '2025-09-25 16:52:36+05', 'audio', 1, 0.524, 0.392, 0.75),
(2, 13, '2025-09-19 10:14:54+05', 'audio', 3, 0.131, 0.178, 0.73),
(13, 12, '2025-09-04 09:49:41+05', 'audio', 7, -0.783, 0.509, 0.81),
(2, 16, '2025-09-20 11:40:40+05', 'text', 2, -0.987, -0.498, 0.81),
(11, 22, '2025-09-28 15:37:15+05', 'video', 3, 0.167, -0.017, 0.89),
(16, 16, '2025-09-21 11:43:43+05', 'audio', 5, -0.71, 0.774, 0.83),
(9, 20, '2025-09-10 15:47:35+05', 'text', 7, -0.566, 0.453, 0.83),
(4, 17, '2025-09-05 10:49:55+05', 'text', 4, 0.583, 0.543, 0.83),
(3, 4, '2025-09-26 09:41:36+05', 'video', 3, -0.023, 0.027, 0.9),
(5, 12, '2025-09-22 14:38:57+05', 'audio', 4, 0.534, 0.819, 0.71),
(10, 15, '2025-09-06 11:47:26+05', 'text', 2, -0.817, -0.257, 0.88),
(13, 21, '2025-09-07 17:04:53+05', 'text', 6, -0.479, 0.691, 0.75),
(14, 24, '2025-09-16 09:54:09+05', 'text', 5, -0.543, 0.622, 0.77),
(13, 27, '2025-09-21 14:14:31+05', 'video', 1, 0.966, 0.551, 0.87),
(19, 4, '2025-09-08 11:48:52+05', 'video', 4, 0.229, 0.727, 0.77),
(7, 12, '2025-09-21 16:12:45+05', 'text', 2, -0.52, -0.202, 0.86),
(16, 19, '2025-09-10 14:11:33+05', 'video', 4, 0.507, 0.709, 0.75),
(12, 8, '2025-09-12 17:41:23+05', 'text', 3, 0.127, -0.181, 0.97),
(3, 23, '2025-09-16 09:58:13+05', 'text', 2, -0.5, -0.343, 0.73),
(10, 5, '2025-09-17 14:40:45+05', 'text', 7, -0.784, 0.472, 0.94),
(17, 26, '2025-09-27 16:52:44+05', 'text', 6, -0.679, 0.629, 0.96),
(11, 25, '2025-09-23 17:43:18+05', 'text', 3, -0.145, -0.104, 0.85),
(19, 16, '2025-09-24 16:18:29+05', 'text', 4, 0.22, 0.617, 0.86),
(19, 16, '2025-09-13 11:35:24+05', 'text', 6, -0.331, 0.669, 0.78),
(10, 9, '2025-09-07 12:25:09+05', 'video', 3, -0.14, -0.165, 0.84),
(8, 28, '2025-09-07 17:48:02+05', 'audio', 2, -0.52, -0.287, 0.81),
(12, 14, '2025-09-05 13:25:47+05', 'audio', 2, -0.723, -0.357, 0.91),
(11, 7, '2025-09-13 14:12:57+05', 'audio', 6, -0.441, 0.656, 0.98),
(18, 12, '2025-09-13 17:01:47+05', 'text', 5, -0.699, 0.809, 0.95),
(4, 23, '2025-09-17 15:21:04+05', 'video', 3, 0.106, -0.266, 0.92),
(10, 2, '2025-09-04 11:35:42+05', 'video', 7, -0.63, 0.377, 0.71),
(4, 20, '2025-09-22 11:13:06+05', 'video', 7, -0.529, 0.507, 0.89),
(5, 9, '2025-09-01 17:45:34+05', 'text', 3, -0.117, -0.003, 0.87),
(20, 20, '2025-09-13 17:00:31+05', 'audio', 2, -0.646, -0.49, 0.95),
(16, 28, '2025-09-17 17:15:50+05', 'audio', 7, -0.667, 0.311, 0.98),
(6, 5, '2025-09-18 12:27:16+05', 'audio', 6, -0.398, 0.703, 0.88),
(10, 9, '2025-09-26 11:13:55+05', 'audio', 4, 0.405, 0.673, 0.9),
(20, 2, '2025-09-13 11:58:20+05', 'text', 2, -0.715, -0.457, 0.88),
(18, 18, '2025-09-12 11:25:06+05', 'text', 7, -0.709, 0.41, 0.74),
(14, 16, '2025-09-03 16:52:58+05', 'video', 1, 0.87, 0.594, 0.99),
(8, 8, '2025-09-26 14:30:17+05', 'text', 5, -0.777, 0.809, 0.83),
(12, 14, '2025-09-07 12:16:25+05', 'audio', 2, -0.565, -0.454, 0.78),
(5, 27, '2025-09-20 10:46:44+05', 'video', 6, -0.445, 0.55, 0.83),
(16, 28, '2025-09-17 09:40:03+05', 'audio', 7, -0.547, 0.469, 0.77),
(16, 22, '2025-09-09 09:42:37+05', 'audio', 3, 0.089, 0.115, 0.75),
(6, 27, '2025-09-20 17:26:44+05', 'text', 2, -0.566, -0.289, 0.86),
(2, 13, '2025-09-25 16:33:07+05', 'text', 5, -0.692, 0.81, 0.77),
(17, 11, '2025-09-12 16:25:24+05', 'text', 4, 0.389, 0.693, 0.74),
(16, 13, '2025-09-25 14:16:47+05', 'video', 6, -0.323, 0.657, 0.81),
(18, 18, '2025-09-04 16:34:54+05', 'audio', 5, -0.772, 0.744, 0.91),
(14, 24, '2025-09-21 14:37:28+05', 'audio', 6, -0.612, 0.673, 0.89),
(10, 2, '2025-09-09 17:10:45+05', 'audio', 2, -0.826, -0.301, 0.94),
(8, 28, '2025-09-08 11:10:36+05', 'audio', 4, 0.383, 0.82, 0.97),
(11, 13, '2025-09-27 11:16:31+05', 'audio', 4, 0.21, 0.579, 0.85),
(4, 11, '2025-09-03 16:21:20+05', 'text', 1, 0.597, 0.43, 0.81),
(15, 6, '2025-09-13 17:11:34+05', 'video', 6, -0.342, 0.65, 0.73),
(17, 6, '2025-09-02 17:17:20+05', 'text', 6, -0.541, 0.753, 0.92),
(17, 29, '2025-09-08 10:29:17+05', 'audio', 4, 0.597, 0.535, 0.78),
(6, 30, '2025-09-16 11:03:08+05', 'video', 3, -0.145, 0.217, 0.73),
(13, 18, '2025-09-11 13:52:31+05', 'audio', 5, -0.541, 0.731, 0.92),
(10, 30, '2025-09-12 13:01:16+05', 'video', 6, -0.395, 0.642, 0.7),
(9, 20, '2025-09-27 16:30:56+05', 'video', 3, -0.034, -0.291, 0.78),
(7, 16, '2025-09-08 09:34:27+05', 'video', 3, -0.163, -0.181, 0.77),
(1, 3, '2025-09-10 14:27:40+05', 'audio', 5, -0.772, 0.817, 0.79),
(7, 20, '2025-09-13 17:43:06+05', 'audio', 3, 0.027, -0.067, 0.98),
(12, 8, '2025-09-19 14:12:59+05', 'video', 2, -0.833, -0.405, 0.92),
(2, 28, '2025-09-26 17:29:35+05', 'video', 7, -0.72, 0.533, 0.85),
(1, 13, '2025-09-19 10:58:48+05', 'audio', 2, -0.586, -0.406, 0.89),
(19, 1, '2025-09-13 16:53:00+05', 'audio', 5, -0.711, 0.849, 0.81),
(5, 18, '2025-09-01 09:07:52+05', 'text', 3, 0.18, -0.264, 0.92),
(10, 2, '2025-09-09 12:40:41+05', 'audio', 1, 0.51, 0.521, 0.73),
(12, 8, '2025-09-26 14:38:16+05', 'audio', 1, 0.637, 0.447, 0.85),
(19, 1, '2025-09-12 16:51:44+05', 'video', 5, -0.433, 0.608, 0.98),
(18, 18, '2025-09-03 12:35:56+05', 'audio', 6, -0.567, 0.567, 0.78),
(8, 28, '2025-09-05 11:25:00+05', 'video', 4, 0.441, 0.839, 0.74),
(18, 27, '2025-09-08 14:53:08+05', 'audio', 6, -0.59, 0.703, 0.9),
(11, 22, '2025-09-07 09:26:12+05', 'text', 5, -0.798, 0.736, 0.73),
(17, 11, '2025-09-28 10:01:44+05', 'video', 2, -0.878, -0.258, 0.79),
(7, 20, '2025-09-22 16:57:56+05', 'video', 6, -0.515, 0.563, 0.9),
(4, 4, '2025-09-28 15:02:09+05', 'video', 2, -0.695, -0.395, 0.95),
(10, 11, '2025-09-18 12:40:08+05', 'audio', 7, -0.563, 0.481, 0.92),
(14, 16, '2025-09-12 13:40:09+05', 'video', 4, 0.155, 0.522, 0.77),
(12, 6, '2025-09-18 10:18:26+05', 'audio', 1, 0.815, 0.512, 0.97),
(10, 6, '2025-09-04 17:52:14+05', 'audio', 2, -0.877, -0.215, 0.91),
(13, 5, '2025-09-15 10:10:34+05', 'text', 2, -0.626, -0.401, 0.9),
(9, 9, '2025-09-03 12:36:11+05', 'text', 1, 0.979, 0.483, 0.97),
(9, 6, '2025-09-10 12:45:35+05', 'text', 5, -0.605, 0.65, 0.74),
(14, 4, '2025-09-02 10:47:11+05', 'text', 2, -0.83, -0.405, 0.74),
(10, 11, '2025-09-06 16:19:01+05', 'video', 2, -0.687, -0.396, 0.86),
(8, 16, '2025-09-21 13:57:17+05', 'text', 7, -0.676, 0.444, 0.81),
(17, 29, '2025-09-05 12:00:23+05', 'video', 1, 0.848, 0.555, 0.87),
(11, 7, '2025-09-06 13:16:31+05', 'video', 7, -0.894, 0.306, 0.72),
(10, 2, '2025-09-18 12:29:11+05', 'text', 5, -0.72, 0.703, 0.81),
(1, 13, '2025-09-07 15:02:28+05', 'text', 6, -0.644, 0.506, 0.89),
(5, 21, '2025-09-15 15:04:25+05', 'video', 5, -0.457, 0.855, 0.84),
(16, 25, '2025-09-03 14:31:22+05', 'video', 6, -0.601, 0.713, 0.74),
(3, 20, '2025-09-16 12:19:23+05', 'video', 2, -0.83, -0.493, 0.98),
(7, 16, '2025-09-25 15:54:50+05', 'audio', 5, -0.79, 0.809, 0.71),
(17, 4, '2025-09-05 17:29:24+05', 'audio', 3, 0.135, -0.3, 0.76),
(6, 21, '2025-09-25 11:17:29+05', 'text', 7, -0.548, 0.482, 0.78),
(10, 30, '2025-09-11 09:53:45+05', 'audio', 3, 0.024, -0.145, 0.92),
(15, 11, '2025-09-28 17:45:01+05', 'video', 2, -0.583, -0.21, 0.97),
(7, 16, '2025-09-07 12:13:48+05', 'text', 4, 0.55, 0.609, 0.95),
(16, 2, '2025-09-13 17:27:42+05', 'audio', 7, -0.768, 0.355, 0.84),
(7, 12, '2025-09-03 14:23:20+05', 'text', 6, -0.38, 0.617, 0.8),
(19, 12, '2025-09-20 11:54:59+05', 'audio', 2, -0.935, -0.353, 0.72),
(1, 28, '2025-09-24 09:45:30+05', 'audio', 7, -0.655, 0.485, 0.8),
(11, 2, '2025-09-04 13:34:01+05', 'video', 4, 0.386, 0.698, 0.87),
(1, 19, '2025-09-01 13:13:39+05', 'audio', 1, 0.997, 0.341, 0.7),
(3, 6, '2025-09-11 11:04:57+05', 'text', 6, -0.372, 0.517, 0.79),
(7, 4, '2025-09-11 14:32:41+05', 'audio', 5, -0.602, 0.772, 0.87),
(11, 7, '2025-09-12 15:55:13+05', 'text', 5, -0.505, 0.786, 0.71),
(9, 11, '2025-09-03 11:35:56+05', 'video', 4, 0.55, 0.633, 0.88),
(13, 24, '2025-09-17 17:44:11+05', 'text', 4, 0.219, 0.557, 0.73),
(20, 9, '2025-09-17 17:52:14+05', 'video', 5, -0.545, 0.831, 0.91),
(10, 20, '2025-09-20 16:31:54+05', 'video', 4, 0.179, 0.618, 0.94),
(17, 20, '2025-09-22 15:48:10+05', 'audio', 2, -0.776, -0.288, 0.98),
(5, 15, '2025-09-20 17:39:28+05', 'text', 6, -0.596, 0.778, 0.79),
(10, 2, '2025-09-08 13:19:40+05', 'audio', 3, -0.08, 0.183, 0.82),
(20, 2, '2025-09-14 16:09:19+05', 'audio', 5, -0.48, 0.869, 0.8),
(10, 20, '2025-09-03 17:54:09+05', 'audio', 5, -0.678, 0.705, 0.94),
(4, 8, '2025-09-23 11:07:20+05', 'audio', 3, 0.051, -0.19, 0.87),
(14, 16, '2025-09-08 17:31:48+05', 'audio', 1, 0.586, 0.573, 0.98),
(13, 24, '2025-09-22 09:26:23+05', 'audio', 1, 0.653, 0.461, 0.87),
(17, 4, '2025-09-19 15:21:36+05', 'video', 1, 0.674, 0.592, 0.98),
(3, 29, '2025-09-26 13:14:28+05', 'audio', 7, -0.756, 0.497, 0.71),
(12, 11, '2025-09-25 13:01:21+05', 'video', 2, -0.777, -0.286, 0.87),
(17, 14, '2025-09-07 09:12:39+05', 'audio', 3, 0.143, 0.057, 0.82),
(3, 23, '2025-09-06 14:46:49+05', 'audio', 6, -0.655, 0.648, 0.82),
(18, 12, '2025-09-02 14:09:27+05', 'audio', 7, -0.698, 0.316, 0.72),
(18, 1, '2025-09-26 17:01:59+05', 'video', 7, -0.796, 0.58, 0.9),
(6, 18, '2025-09-06 15:35:22+05', 'video', 3, 0.14, -0.117, 0.74),
(4, 20, '2025-09-20 17:09:50+05', 'audio', 1, 0.981, 0.228, 0.96),
(18, 12, '2025-09-28 13:17:19+05', 'audio', 5, -0.425, 0.724, 0.92),
(20, 6, '2025-09-14 11:48:53+05', 'video', 5, -0.425, 0.76, 0.72),
(9, 5, '2025-09-22 15:08:30+05', 'video', 1, 0.716, 0.408, 0.74),
(2, 7, '2025-09-03 17:37:45+05', 'text', 2, -0.566, -0.42, 0.97),
(14, 24, '2025-09-20 14:05:41+05', 'text', 3, -0.038, 0.214, 0.81),
(9, 2, '2025-09-15 16:55:05+05', 'text', 2, -0.864, -0.303, 0.96),
(16, 13, '2025-09-05 10:33:59+05', 'video', 7, -0.504, 0.463, 0.94),
(3, 4, '2025-09-18 15:34:52+05', 'audio', 1, 0.666, 0.379, 0.87),
(17, 4, '2025-09-14 16:10:46+05', 'text', 5, -0.611, 0.658, 0.9),
(14, 24, '2025-09-21 09:22:24+05', 'video', 4, 0.119, 0.626, 0.82),
(10, 20, '2025-09-23 13:01:03+05', 'audio', 3, -0.122, 0.096, 0.86),
(9, 25, '2025-09-21 15:17:08+05', 'audio', 5, -0.634, 0.698, 0.79),
(7, 28, '2025-09-17 11:26:01+05', 'video', 6, -0.56, 0.578, 0.83),
(18, 12, '2025-09-28 17:44:53+05', 'audio', 2, -0.516, -0.477, 0.96),
(15, 5, '2025-09-24 13:10:36+05', 'text', 6, -0.654, 0.735, 0.79),
(16, 25, '2025-09-05 11:50:20+05', 'video', 3, -0.151, -0.102, 0.87),
(16, 1, '2025-09-20 17:08:06+05', 'audio', 1, 0.577, 0.401, 0.71),
(15, 20, '2025-09-23 15:14:31+05', 'text', 4, 0.17, 0.557, 0.89),
(16, 25, '2025-09-06 12:54:48+05', 'audio', 5, -0.738, 0.862, 0.95),
(5, 1, '2025-09-03 17:17:53+05', 'audio', 4, 0.377, 0.728, 0.89),
(7, 24, '2025-09-14 16:12:01+05', 'video', 5, -0.669, 0.883, 0.85),
(5, 9, '2025-09-12 10:01:15+05', 'text', 1, 0.537, 0.411, 0.71),
(13, 30, '2025-09-08 17:16:53+05', 'video', 7, -0.838, 0.539, 0.76),
(16, 25, '2025-09-22 09:10:25+05', 'text', 6, -0.603, 0.713, 0.89),
(15, 25, '2025-09-04 13:23:29+05', 'text', 6, -0.574, 0.59, 0.76),
(16, 22, '2025-09-11 12:35:37+05', 'audio', 2, -0.906, -0.489, 0.99),
(6, 9, '2025-09-28 13:00:09+05', 'audio', 1, 0.605, 0.304, 0.8),
(14, 24, '2025-09-21 10:44:51+05', 'text', 4, 0.369, 0.865, 0.78),
(4, 20, '2025-09-18 10:32:18+05', 'text', 4, 0.537, 0.834, 0.86),
(10, 9, '2025-09-19 12:03:09+05', 'audio', 5, -0.628, 0.613, 0.75),
(9, 30, '2025-09-04 09:49:37+05', 'audio', 5, -0.433, 0.837, 0.78),
(11, 10, '2025-09-23 10:22:24+05', 'text', 3, 0.124, -0.024, 0.84),
(17, 6, '2025-09-25 11:29:14+05', 'audio', 5, -0.68, 0.823, 0.98),
(8, 16, '2025-09-10 16:32:56+05', 'audio', 2, -0.991, -0.298, 0.86),
(9, 9, '2025-09-15 13:02:40+05', 'audio', 2, -0.99, -0.31, 0.72),
(20, 9, '2025-09-09 13:16:18+05', 'audio', 3, 0.106, 0.057, 0.7),
(1, 16, '2025-09-18 11:40:23+05', 'text', 2, -0.512, -0.298, 0.81),
(18, 5, '2025-09-11 09:01:23+05', 'audio', 3, -0.148, -0.076, 0.76),
(15, 6, '2025-09-10 16:45:31+05', 'video', 5, -0.674, 0.878, 0.95),
(20, 11, '2025-09-07 17:38:06+05', 'audio', 4, 0.114, 0.671, 0.79),
(19, 12, '2025-09-19 15:07:31+05', 'text', 6, -0.7, 0.704, 0.91),
(1, 10, '2025-09-17 12:03:36+05', 'text', 2, -0.674, -0.235, 0.98),
(14, 24, '2025-09-23 14:29:06+05', 'text', 3, -0.09, -0.161, 0.91),
(3, 26, '2025-09-13 13:50:02+05', 'text', 4, 0.5, 0.742, 0.91),
(6, 27, '2025-09-21 09:47:05+05', 'audio', 6, -0.338, 0.655, 0.73),
(13, 12, '2025-09-10 13:07:28+05', 'audio', 1, 0.997, 0.409, 0.9),
(1, 25, '2025-09-09 12:40:08+05', 'audio', 6, -0.554, 0.64, 0.89),
(14, 24, '2025-09-18 17:19:43+05', 'video', 3, 0.042, 0.07, 0.71),
(4, 23, '2025-09-05 12:29:08+05', 'audio', 5, -0.459, 0.611, 0.93),
(15, 25, '2025-09-05 10:29:21+05', 'audio', 1, 0.8, 0.393, 0.78),
(18, 18, '2025-09-02 12:10:02+05', 'text', 7, -0.624, 0.416, 0.76),
(10, 15, '2025-09-23 15:33:48+05', 'video', 6, -0.606, 0.501, 0.75),
(8, 12, '2025-09-08 14:41:24+05', 'video', 4, 0.163, 0.634, 0.75),
(14, 12, '2025-09-08 13:03:27+05', 'text', 4, 0.17, 0.652, 0.86),
(13, 12, '2025-09-06 15:03:59+05', 'video', 7, -0.84, 0.446, 0.93),
(20, 5, '2025-09-16 12:33:50+05', 'text', 2, -0.551, -0.411, 0.8),
(19, 20, '2025-09-17 17:12:34+05', 'video', 6, -0.697, 0.516, 0.75),
(17, 26, '2025-09-03 16:54:15+05', 'audio', 3, 0.18, 0.052, 0.93),
(13, 30, '2025-09-05 14:21:59+05', 'audio', 2, -0.892, -0.377, 0.92),
(11, 2, '2025-09-26 09:53:47+05', 'video', 4, 0.312, 0.622, 0.87),
(6, 15, '2025-09-08 12:10:46+05', 'audio', 6, -0.427, 0.595, 0.74),
(8, 12, '2025-09-16 12:05:36+05', 'video', 2, -0.745, -0.445, 0.9),
(12, 29, '2025-09-22 13:51:20+05', 'audio', 5, -0.716, 0.741, 0.97),
(2, 3, '2025-09-10 15:07:50+05', 'text', 7, -0.825, 0.565, 0.85),
(20, 25, '2025-09-26 09:06:37+05', 'text', 4, 0.138, 0.736, 0.96),
(2, 19, '2025-09-16 14:48:25+05', 'text', 4, 0.186, 0.523, 0.9),
(11, 3, '2025-09-20 09:44:06+05', 'audio', 6, -0.543, 0.773, 0.84),
(5, 24, '2025-09-21 11:20:29+05', 'audio', 2, -0.602, -0.414, 0.98),
(8, 28, '2025-09-22 17:40:08+05', 'text', 7, -0.758, 0.423, 0.83),
(12, 4, '2025-09-11 16:44:28+05', 'video', 7, -0.545, 0.578, 0.92),
(12, 6, '2025-09-04 15:15:58+05', 'video', 4, 0.318, 0.597, 0.77),
(2, 1, '2025-09-19 09:01:41+05', 'video', 4, 0.341, 0.799, 0.78),
(5, 18, '2025-09-11 10:34:53+05', 'audio', 6, -0.313, 0.541, 0.73),
(10, 20, '2025-09-28 12:41:30+05', 'audio', 3, 0.123, 0.274, 0.78),
(3, 23, '2025-09-20 13:27:24+05', 'text', 1, 0.901, 0.422, 0.78),
(19, 8, '2025-09-25 12:13:58+05', 'video', 2, -0.713, -0.342, 0.84),
(11, 28, '2025-09-10 16:25:55+05', 'text', 2, -0.85, -0.365, 0.91),
(16, 2, '2025-09-05 12:28:14+05', 'audio', 1, 0.989, 0.316, 0.99),
(11, 19, '2025-09-07 10:15:13+05', 'text', 1, 0.806, 0.205, 0.97),
(6, 1, '2025-09-21 16:23:41+05', 'text', 2, -0.898, -0.466, 0.98),
(2, 13, '2025-09-24 09:46:55+05', 'audio', 7, -0.802, 0.349, 0.91),
(10, 11, '2025-09-27 17:33:43+05', 'video', 2, -0.719, -0.282, 0.91),
(1, 3, '2025-09-05 13:59:51+05', 'text', 5, -0.474, 0.753, 0.76),
(12, 20, '2025-09-23 16:32:45+05', 'audio', 5, -0.526, 0.637, 0.84),
(11, 1, '2025-09-01 10:45:17+05', 'video', 2, -0.663, -0.336, 0.95),
(1, 7, '2025-09-07 15:40:32+05', 'audio', 7, -0.786, 0.431, 0.9),
(5, 15, '2025-09-19 15:38:45+05', 'audio', 4, 0.549, 0.677, 0.97),
(8, 1, '2025-09-08 16:30:47+05', 'video', 2, -0.584, -0.374, 0.83),
(10, 5, '2025-09-12 11:15:29+05', 'video', 2, -0.726, -0.395, 0.83),
(17, 6, '2025-09-07 14:55:36+05', 'audio', 1, 0.818, 0.225, 0.98),
(12, 4, '2025-09-13 10:04:42+05', 'video', 2, -0.563, -0.369, 0.86),
(12, 6, '2025-09-13 12:15:34+05', 'text', 5, -0.663, 0.757, 0.99),
(10, 25, '2025-09-17 13:39:19+05', 'text', 2, -0.507, -0.31, 0.88),
(20, 11, '2025-09-02 09:29:22+05', 'text', 1, 0.846, 0.292, 0.88),
(19, 8, '2025-09-16 16:49:17+05', 'audio', 5, -0.52, 0.656, 0.71),
(11, 10, '2025-09-17 12:05:58+05', 'video', 6, -0.622, 0.719, 0.74),
(12, 17, '2025-09-13 14:31:48+05', 'text', 6, -0.559, 0.8, 0.78),
(15, 25, '2025-09-08 13:42:15+05', 'audio', 3, 0.037, -0.024, 0.88),
(6, 24, '2025-09-20 16:41:49+05', 'video', 1, 0.943, 0.467, 0.95),
(14, 24, '2025-09-14 10:54:47+05', 'text', 7, -0.563, 0.542, 0.83),
(5, 9, '2025-09-23 10:20:28+05', 'video', 3, 0.035, -0.164, 0.73),
(6, 21, '2025-09-26 10:08:06+05', 'text', 6, -0.366, 0.664, 0.91),
(13, 12, '2025-09-08 12:16:17+05', 'audio', 7, -0.568, 0.492, 0.84),
(6, 27, '2025-09-13 14:26:41+05', 'video', 3, -0.019, -0.109, 0.9),
(7, 20, '2025-09-21 11:58:05+05', 'audio', 3, 0.129, 0.158, 0.95),
(2, 2, '2025-09-02 17:45:44+05', 'text', 2, -0.622, -0.45, 0.86),
(7, 8, '2025-09-01 13:57:32+05', 'text', 1, 0.658, 0.347, 0.71),
(2, 13, '2025-09-23 12:24:17+05', 'audio', 2, -0.589, -0.363, 0.72),
(18, 15, '2025-09-23 12:50:45+05', 'video', 5, -0.7, 0.612, 0.73),
(2, 2, '2025-09-25 16:44:55+05', 'video', 1, 0.915, 0.337, 0.92),
(1, 25, '2025-09-27 13:38:00+05', 'audio', 7, -0.862, 0.362, 0.85),
(20, 20, '2025-09-11 13:05:50+05', 'audio', 2, -0.728, -0.253, 0.8);
